{"cameraMode":{"drawMode":0,"name":"Shaded","section":"Shading Mode"},"sceneLighting":true,"audioPlay":false,"sceneViewState":{"m_AlwaysRefresh":false,"showFog":true,"showSkybox":true,"showFlares":true,"showImageEffects":true,"showParticleSystems":true,"showVisualEffectGraphs":true,"m_FxEnabled":true},"in2DMode":false,"pivot":{"x":12.41639232635498,"y":3.5705623626708986,"z":29.049266815185548},"rotation":{"x":-0.19254781305789948,"y":0.022662559524178506,"z":-0.004447239451110363,"w":-0.9810187220573425},"size":9.177080154418946,"orthographic":false}