{"cameraMode":{"drawMode":0,"name":"Shaded","section":"Shading Mode"},"sceneLighting":true,"audioPlay":false,"sceneViewState":{"m_AlwaysRefresh":false,"showFog":true,"showSkybox":true,"showFlares":true,"showImageEffects":true,"showParticleSystems":true,"showVisualEffectGraphs":true,"m_FxEnabled":true},"in2DMode":false,"pivot":{"x":17.797727584838868,"y":0.8263401985168457,"z":55.56831359863281},"rotation":{"x":-0.19827447831630708,"y":-0.044973935931921008,"z":0.009108476340770722,"w":-0.9790759682655335},"size":8.401015281677246,"orthographic":false}