{"cameraMode":{"drawMode":0,"name":"Shaded","section":"Shading Mode"},"sceneLighting":true,"audioPlay":false,"sceneViewState":{"m_AlwaysRefresh":false,"showFog":true,"showSkybox":true,"showFlares":true,"showImageEffects":true,"showParticleSystems":true,"showVisualEffectGraphs":true,"m_FxEnabled":true},"in2DMode":false,"pivot":{"x":25.709306716918947,"y":1.7490921020507813,"z":19.09955406188965},"rotation":{"x":-0.13931775093078614,"y":0.02286970056593418,"z":-0.003218849888071418,"w":-0.9899804592132568},"size":3.4375710487365724,"orthographic":false}